Date,Exercise,Category,Weight,Weight Unit,Reps,Distance,Distance Unit,Time
2026-06-11,Leg Extension Machine,Legs,25.0,kgs,8,,,
2026-06-11,Leg Extension Machine,Legs,25.0,kgs,8,,,
2026-06-11,Leg Extension Machine,Legs,25.0,kgs,8,,,
2026-06-11,Standing Calf Raise Machine,Legs,87.5,kgs,5,,,
2026-06-11,Standing Calf Raise Machine,Legs,87.5,kgs,5,,,
2026-06-11,Standing Calf Raise Machine,Legs,87.5,kgs,5,,,
2026-06-13,Seated Leg Curl Machine,Legs,25.0,kgs,7,,,
2026-06-13,Seated Leg Curl Machine,Legs,25.0,kgs,7,,,
2026-06-13,Seated Leg Curl Machine,Legs,25.0,kgs,7,,,
2026-06-13,Standing Calf Raise Machine,Legs,90.0,kgs,7,,,
2026-06-13,Standing Calf Raise Machine,Legs,90.0,kgs,7,,,
2026-06-13,Standing Calf Raise Machine,Legs,90.0,kgs,7,,,
2026-06-24,Dumbbell Curl,Biceps,15.8,kgs,10,,,
2026-06-24,Dumbbell Curl,Biceps,15.8,kgs,10,,,
2026-06-24,Dumbbell Curl,Biceps,15.8,kgs,10,,,
2026-06-24,Dumbbell Overhead Triceps Extension,Triceps,10.2,kgs,12,,,
2026-06-24,Dumbbell Overhead Triceps Extension,Triceps,10.2,kgs,12,,,
2026-06-24,Dumbbell Overhead Triceps Extension,Triceps,10.2,kgs,12,,,
2026-06-24,Seated Dumbbell Press,Shoulders,15.8,kgs,12,,,
2026-06-24,Seated Dumbbell Press,Shoulders,15.8,kgs,12,,,
2026-06-24,Seated Dumbbell Press,Shoulders,15.8,kgs,12,,,
2026-06-24,Flat Dumbbell Bench Press,Chest,20.4,kgs,10,,,
2026-06-24,Flat Dumbbell Bench Press,Chest,20.4,kgs,10,,,
2026-06-24,Flat Dumbbell Bench Press,Chest,20.4,kgs,12,,,
2026-06-24,Dumbbell Row,Back,20.4,kgs,12,,,
2026-06-24,Dumbbell Row,Back,20.4,kgs,12,,,
2026-06-24,Dumbbell Row,Back,20.4,kgs,12,,,
2026-06-27,Tricep extension,Triceps,35.0,kgs,10,,,
2026-06-27,Tricep extension,Triceps,35.0,kgs,10,,,
2026-06-27,Tricep extension,Triceps,35.0,kgs,10,,,
2026-06-27,Hip Abduction (Open),Legs,28.0,kgs,10,,,
2026-06-27,Hip Abduction (Open),Legs,28.0,kgs,12,,,
2026-06-27,Hip Abduction (Open),Legs,28.0,kgs,12,,,
2026-06-27,Hip Adduction,Legs,21.0,kgs,12,,,
2026-06-27,Hip Adduction,Legs,21.0,kgs,12,,,
2026-06-27,Hip Adduction,Legs,21.0,kgs,12,,,
2026-06-27,Glute Press,Legs,37.5,kgs,20,,,
2026-06-27,Glute Press,Legs,37.5,kgs,24,,,
2026-06-27,Glute Press,Legs,37.5,kgs,24,,,
2026-06-27,Standing Calf Raise Machine,Legs,120.0,kgs,12,,,
2026-06-27,Standing Calf Raise Machine,Legs,120.0,kgs,12,,,
2026-06-27,Standing Calf Raise Machine,Legs,120.0,kgs,12,,,
2026-06-27,Leg Extension Machine,Legs,35.0,kgs,12,,,
2026-06-27,Leg Extension Machine,Legs,35.0,kgs,12,,,
2026-06-27,Leg Extension Machine,Legs,35.0,kgs,12,,,
2026-06-30,Dumbbell Curl,Biceps,15.8,kgs,12,,,
2026-06-30,Dumbbell Curl,Biceps,15.8,kgs,12,,,
2026-06-30,Dumbbell Curl,Biceps,15.8,kgs,12,,,
2026-06-30,Arnold Dumbbell Press,Shoulders,15.8,kgs,12,,,
2026-06-30,Arnold Dumbbell Press,Shoulders,15.8,kgs,12,,,
2026-06-30,Arnold Dumbbell Press,Shoulders,15.8,kgs,12,,,
2026-06-30,Dumbbell Overhead Triceps Extension,Triceps,11.3,kgs,10,,,
2026-06-30,Dumbbell Overhead Triceps Extension,Triceps,11.3,kgs,10,,,
2026-06-30,Dumbbell Overhead Triceps Extension,Triceps,11.3,kgs,10,,,
2026-06-30,Flat Dumbbell Bench Press,Chest,20.4,kgs,11,,,
2026-06-30,Flat Dumbbell Bench Press,Chest,20.4,kgs,11,,,
2026-06-30,Flat Dumbbell Bench Press,Chest,20.4,kgs,12,,,
2026-06-30,Dumbbell Row,Back,22.6,kgs,10,,,
2026-06-30,Dumbbell Row,Back,22.6,kgs,10,,,
2026-06-30,Dumbbell Row,Back,22.6,kgs,10,,,
2026-07-04,Leg Extension Machine,Legs,45.0,kgs,10,,,
2026-07-04,Leg Extension Machine,Legs,45.0,kgs,10,,,
2026-07-04,Leg Extension Machine,Legs,45.0,kgs,10,,,
2026-07-04,Standing Calf Raise Machine,Legs,125.0,kgs,10,,,
2026-07-04,Standing Calf Raise Machine,Legs,125.0,kgs,10,,,
2026-07-04,Standing Calf Raise Machine,Legs,125.0,kgs,10,,,
2026-07-04,Glute Press,Legs,40.0,kgs,20,,,
2026-07-04,Glute Press,Legs,40.0,kgs,20,,,
2026-07-04,Glute Press,Legs,40.0,kgs,20,,,
2026-07-04,Hip Abduction (Open),Legs,35.0,kgs,10,,,
2026-07-04,Hip Abduction (Open),Legs,35.0,kgs,10,,,
2026-07-04,Hip Abduction (Open),Legs,35.0,kgs,10,,,
2026-07-04,Hip Adduction,Legs,28.0,kgs,10,,,
2026-07-04,Hip Adduction,Legs,28.0,kgs,10,,,
2026-07-04,Hip Adduction,Legs,28.0,kgs,10,,,
2026-07-04,Lat Pulldown,Back,35.0,kgs,10,,,
2026-07-04,Lat Pulldown,Back,35.0,kgs,10,,,
2026-07-04,Lat Pulldown,Back,35.0,kgs,10,,,
2026-07-06,Dumbbell Curl,Biceps,18.2,kgs,10,,,
2026-07-06,Dumbbell Curl,Biceps,18.2,kgs,10,,,
2026-07-06,Dumbbell Curl,Biceps,18.2,kgs,10,,,
2026-07-06,Dumbbell Overhead Triceps Extension,Triceps,11.3,kgs,11,,,
2026-07-06,Dumbbell Overhead Triceps Extension,Triceps,11.3,kgs,11,,,
2026-07-06,Dumbbell Overhead Triceps Extension,Triceps,11.3,kgs,11,,,
2026-07-06,Seated Dumbbell Press,Shoulders,18.2,kgs,10,,,
2026-07-06,Seated Dumbbell Press,Shoulders,18.2,kgs,10,,,
2026-07-06,Seated Dumbbell Press,Shoulders,18.2,kgs,10,,,
2026-07-06,Flat Dumbbell Bench Press,Chest,20.4,kgs,12,,,
2026-07-06,Flat Dumbbell Bench Press,Chest,20.4,kgs,12,,,
2026-07-06,Flat Dumbbell Bench Press,Chest,20.4,kgs,12,,,
2026-07-06,Dumbbell Row,Back,22.6,kgs,11,,,
2026-07-06,Dumbbell Row,Back,22.6,kgs,11,,,
2026-07-06,Dumbbell Row,Back,22.6,kgs,11,,,
2026-07-07,Dumbbell Goblet Squat,Legs,11.3,kgs,10,,,
2026-07-07,Dumbbell Goblet Squat,Legs,11.3,kgs,11,,,
2026-07-07,Dumbbell Goblet Squat,Legs,11.3,kgs,12,,,
2026-07-07,Dumbbell Romanian Deadlift,Legs,22.6,kgs,10,,,
2026-07-07,Dumbbell Romanian Deadlift,Legs,22.6,kgs,11,,,
2026-07-07,Dumbbell Romanian Deadlift,Legs,22.6,kgs,12,,,
2026-07-07,Dumbbell Bulgarian Split Squats,Legs,15.8,kgs,10,,,
2026-07-07,Dumbbell Bulgarian Split Squats,Legs,15.8,kgs,10,,,
2026-07-07,Dumbbell Bulgarian Split Squats,Legs,15.8,kgs,10,,,
2026-07-07,Dumbbell Lunges,Legs,13.6,kgs,10,,,
2026-07-07,Dumbbell Lunges,Legs,13.6,kgs,10,,,
2026-07-07,Dumbbell Lunges,Legs,13.6,kgs,10,,,
2026-07-07,Dumbbell Reverse Lunges,Legs,15.8,kgs,10,,,
2026-07-07,Dumbbell Reverse Lunges,Legs,15.8,kgs,10,,,
2026-07-07,Dumbbell Reverse Lunges,Legs,15.8,kgs,10,,,
2026-07-10,Dumbbell Curl,Biceps,18.2,kgs,10,,,
2026-07-10,Dumbbell Curl,Biceps,18.2,kgs,12,,,
2026-07-10,Dumbbell Curl,Biceps,18.2,kgs,12,,,
2026-07-10,Dumbbell Overhead Triceps Extension,Triceps,11.3,kgs,12,,,
2026-07-10,Dumbbell Overhead Triceps Extension,Triceps,11.3,kgs,12,,,
2026-07-10,Dumbbell Overhead Triceps Extension,Triceps,11.3,kgs,12,,,
2026-07-10,Arnold Dumbbell Press,Shoulders,18.2,kgs,10,,,
2026-07-10,Arnold Dumbbell Press,Shoulders,18.2,kgs,10,,,
2026-07-10,Arnold Dumbbell Press,Shoulders,18.2,kgs,10,,,
2026-07-10,Incline Dumbbell Bench Press,Chest,18.2,kgs,10,,,
2026-07-10,Incline Dumbbell Bench Press,Chest,18.2,kgs,10,,,
2026-07-10,Incline Dumbbell Bench Press,Chest,18.2,kgs,10,,,
2026-07-10,Incline Dumbbell Fly,Chest,15.8,kgs,10,,,
2026-07-10,Incline Dumbbell Fly,Chest,15.8,kgs,10,,,
2026-07-10,Incline Dumbbell Fly,Chest,15.8,kgs,10,,,
2026-07-12,Dumbbell Goblet Squat,Legs,11.3,kgs,11,,,
2026-07-12,Dumbbell Goblet Squat,Legs,11.3,kgs,11,,,
2026-07-12,Dumbbell Goblet Squat,Legs,11.3,kgs,12,,,
2026-07-12,Dumbbell Sumo Squat,Legs,11.3,kgs,12,,,
2026-07-12,Dumbbell Sumo Squat,Legs,13.6,kgs,12,,,
2026-07-12,Dumbbell Sumo Squat,Legs,13.6,kgs,12,,,
2026-07-12,Dumbbell Romanian Deadlift,Legs,22.6,kgs,12,,,
2026-07-12,Dumbbell Romanian Deadlift,Legs,22.6,kgs,12,,,
2026-07-12,Dumbbell Romanian Deadlift,Legs,22.6,kgs,12,,,
2026-07-15,Dumbbell Curl,Biceps,18.2,kgs,12,,,
2026-07-15,Dumbbell Curl,Biceps,18.2,kgs,12,,,
2026-07-15,Dumbbell Curl,Biceps,18.2,kgs,12,,,
2026-07-15,Dumbbell Overhead Triceps Extension,Triceps,13.6,kgs,10,,,
2026-07-15,Dumbbell Overhead Triceps Extension,Triceps,13.6,kgs,10,,,
2026-07-15,Dumbbell Overhead Triceps Extension,Triceps,13.6,kgs,10,,,
2026-07-15,Seated Dumbbell Press,Shoulders,18.2,kgs,11,,,
2026-07-15,Seated Dumbbell Press,Shoulders,18.2,kgs,11,,,
2026-07-15,Seated Dumbbell Press,Shoulders,18.2,kgs,11,,,
2026-07-15,Flat Dumbbell Bench Press,Chest,22.6,kgs,10,,,
2026-07-15,Flat Dumbbell Bench Press,Chest,22.6,kgs,10,,,
2026-07-15,Flat Dumbbell Bench Press,Chest,22.6,kgs,10,,,
2026-07-15,Dumbbell Row,Back,22.6,kgs,12,,,
2026-07-15,Dumbbell Row,Back,22.6,kgs,12,,,
2026-07-15,Dumbbell Row,Back,22.6,kgs,12,,,
2026-07-19,Standing Calf Raise Machine,Legs,125.0,kgs,12,,,
2026-07-19,Standing Calf Raise Machine,Legs,125.0,kgs,12,,,
2026-07-19,Standing Calf Raise Machine,Legs,125.0,kgs,12,,,
2026-07-19,Standing Calf Raise Machine,Legs,125.0,kgs,12,,,
2026-07-19,Standing Calf Raise Machine,Legs,125.0,kgs,12,,,
2026-07-19,Standing Calf Raise Machine,Legs,125.0,kgs,12,,,
2026-07-19,Seated Leg Curl Machine,Legs,25.0,kgs,10,,,
2026-07-19,Seated Leg Curl Machine,Legs,25.0,kgs,10,,,
2026-07-19,Seated Leg Curl Machine,Legs,25.0,kgs,10,,,
2026-07-19,Lat Pulldown,Back,35.0,kgs,10,,,
2026-07-19,Lat Pulldown,Back,35.0,kgs,10,,,
2026-07-19,Lat Pulldown,Back,35.0,kgs,10,,,
2026-07-19,Tricep extension,Triceps,37.5,kgs,11,,,
2026-07-19,Tricep extension,Triceps,37.5,kgs,12,,,
2026-07-19,Tricep extension,Triceps,40.0,kgs,10,,,
2026-07-19,Seated Machine Curl,Biceps,25.0,kgs,12,,,
2026-07-19,Seated Machine Curl,Biceps,32.0,kgs,10,,,
2026-07-19,Seated Machine Curl,Biceps,32.0,kgs,10,,,
2026-07-20,Dumbbell Goblet Squat,Legs,13.6,kgs,10,,,
2026-07-20,Dumbbell Goblet Squat,Legs,13.6,kgs,10,,,
2026-07-20,Dumbbell Goblet Squat,Legs,13.6,kgs,10,,,
2026-07-20,Dumbbell Sumo Squat,Legs,13.6,kgs,12,,,
2026-07-20,Dumbbell Sumo Squat,Legs,15.9,kgs,12,,,
2026-07-20,Dumbbell Sumo Squat,Legs,15.9,kgs,12,,,
2026-07-20,Dumbbell Curl,Biceps,20.4,kgs,10,,,
2026-07-20,Dumbbell Curl,Biceps,20.4,kgs,10,,,
2026-07-20,Dumbbell Curl,Biceps,20.4,kgs,10,,,
2026-07-20,Dumbbell Overhead Triceps Extension,Triceps,13.6,kgs,11,,,
2026-07-20,Dumbbell Overhead Triceps Extension,Triceps,13.6,kgs,11,,,
2026-07-20,Dumbbell Overhead Triceps Extension,Triceps,13.6,kgs,11,,,
2026-07-20,Flat Dumbbell Bench Press,Chest,22.6,kgs,11,,,
2026-07-20,Flat Dumbbell Bench Press,Chest,22.6,kgs,11,,,
2026-07-20,Flat Dumbbell Bench Press,Chest,22.6,kgs,11,,,
2026-07-20,Dumbbell Row,Back,27.2,kgs,10,,,
2026-07-20,Dumbbell Row,Back,27.2,kgs,10,,,
2026-07-20,Dumbbell Row,Back,27.2,kgs,10,,,
2026-07-21,Lever Preacher Curl,Biceps,32.0,kgs,10,,,
2026-07-25,Dumbbell Bulgarian Split Squats,Legs,15.8,kgs,12,,,
2026-07-25,Dumbbell Bulgarian Split Squats,Legs,15.8,kgs,14,,,
2026-07-25,Dumbbell Bulgarian Split Squats,Legs,15.8,kgs,16,,,
2026-07-25,Seated Dumbbell Press,Shoulders,18.2,kgs,12,,,
2026-07-25,Seated Dumbbell Press,Shoulders,18.2,kgs,12,,,
2026-07-25,Seated Dumbbell Press,Shoulders,18.2,kgs,12,,,
2026-07-25,Incline Dumbbell Bench Press,Chest,18.2,kgs,11,,,
2026-07-25,Incline Dumbbell Bench Press,Chest,18.2,kgs,11,,,
2026-07-25,Incline Dumbbell Bench Press,Chest,18.2,kgs,12,,,
2026-07-25,Dumbbell Curl,Biceps,20.4,kgs,10,,,
2026-07-25,Dumbbell Curl,Biceps,20.4,kgs,10,,,
2026-07-25,Dumbbell Curl,Biceps,20.4,kgs,11,,,
2026-07-25,Dumbbell Overhead Triceps Extension,Triceps,13.6,kgs,12,,,
2026-07-25,Dumbbell Overhead Triceps Extension,Triceps,13.6,kgs,12,,,
2026-07-25,Dumbbell Overhead Triceps Extension,Triceps,13.6,kgs,12,,,
2026-07-25,Incline Dumbbell Fly,Chest,15.8,kgs,11,,,
2026-07-25,Incline Dumbbell Fly,Chest,15.8,kgs,11,,,
2026-07-25,Incline Dumbbell Fly,Chest,15.8,kgs,11,,,
2026-07-28,Dumbbell Curl,Biceps,20.4,kgs,11,,,
2026-07-28,Dumbbell Curl,Biceps,20.4,kgs,11,,,
2026-07-28,Dumbbell Curl,Biceps,20.4,kgs,12,,,
2026-07-28,Dumbbell Overhead Triceps Extension,Triceps,13.6,kgs,12,,,
2026-07-28,Dumbbell Overhead Triceps Extension,Triceps,15.9,kgs,10,,,
2026-07-28,Dumbbell Overhead Triceps Extension,Triceps,15.9,kgs,10,,,
2026-07-28,Dumbbell Side Bend,Abs,15.9,kgs,20,,,
2026-07-28,Dumbbell Side Bend,Abs,15.9,kgs,20,,,
2026-07-28,Dumbbell Side Bend,Abs,15.9,kgs,20,,,
2026-07-28,Arnold Dumbbell Press,Shoulders,18.2,kgs,11,,,
2026-07-28,Arnold Dumbbell Press,Shoulders,18.2,kgs,11,,,
2026-07-28,Arnold Dumbbell Press,Shoulders,18.2,kgs,11,,,
2026-07-28,Flat Dumbbell Bench Press,Chest,22.6,kgs,12,,,
2026-07-28,Flat Dumbbell Bench Press,Chest,22.6,kgs,12,,,
2026-07-28,Flat Dumbbell Bench Press,Chest,22.6,kgs,12,,,
2026-07-28,Dumbbell Row,Back,27.2,kgs,11,,,
2026-07-28,Dumbbell Row,Back,27.2,kgs,11,,,
2026-07-28,Dumbbell Row,Back,27.2,kgs,11,,,
2026-08-01,Dumbbell Goblet Squat,Legs,13.6,kgs,11,,,
2026-08-01,Dumbbell Goblet Squat,Legs,13.6,kgs,11,,,
2026-08-01,Dumbbell Goblet Squat,Legs,13.6,kgs,11,,,
2026-08-01,Dumbbell Side Bend,Abs,15.9,kgs,22,,,
2026-08-01,Dumbbell Side Bend,Abs,15.9,kgs,22,,,
2026-08-01,Dumbbell Side Bend,Abs,15.9,kgs,24,,,
2026-08-01,Dumbbell Romanian Deadlift,Legs,27.2,kgs,10,,,
2026-08-01,Dumbbell Romanian Deadlift,Legs,27.2,kgs,10,,,
2026-08-01,Dumbbell Romanian Deadlift,Legs,27.2,kgs,10,,,
2026-08-01,Dumbbell Calf Raise,Legs,30.8,kgs,10,,,
2026-08-01,Dumbbell Calf Raise,Legs,30.8,kgs,10,,,
2026-08-01,Dumbbell Calf Raise,Legs,30.8,kgs,10,,,
2026-08-01,Dumbbell Lunges,Legs,13.6,kgs,12,,,
2026-08-01,Dumbbell Lunges,Legs,13.6,kgs,12,,,
2026-08-01,Dumbbell Lunges,Legs,13.6,kgs,12,,,
2026-08-01,Dumbbell Reverse Lunges,Legs,15.8,kgs,12,,,
2026-08-01,Dumbbell Reverse Lunges,Legs,15.8,kgs,12,,,
2026-08-01,Dumbbell Reverse Lunges,Legs,15.8,kgs,12,,,
2026-08-04,Dumbbell Curl,Biceps,20.4,kgs,12,,,
2026-08-04,Dumbbell Curl,Biceps,20.4,kgs,12,,,
2026-08-04,Dumbbell Curl,Biceps,20.4,kgs,12,,,
2026-08-04,Dumbbell Overhead Triceps Extension,Triceps,15.9,kgs,10,,,
2026-08-04,Dumbbell Overhead Triceps Extension,Triceps,15.9,kgs,10,,,
2026-08-04,Dumbbell Overhead Triceps Extension,Triceps,15.9,kgs,11,,,
2026-08-04,Dumbbell Side Bend,Abs,15.9,kgs,24,,,
2026-08-04,Dumbbell Side Bend,Abs,15.9,kgs,24,,,
2026-08-04,Dumbbell Side Bend,Abs,15.9,kgs,24,,,
2026-08-04,Front Dumbbell Raise,Shoulders,7.9,kgs,10,,,
2026-08-04,Front Dumbbell Raise,Shoulders,7.9,kgs,10,,,
2026-08-04,Front Dumbbell Raise,Shoulders,7.9,kgs,10,,,
2026-08-04,Dumbbell Shrug,Shoulders,31.8,kgs,10,,,
2026-08-04,Dumbbell Shrug,Shoulders,31.8,kgs,10,,,
2026-08-04,Dumbbell Shrug,Shoulders,31.8,kgs,10,,,
2026-08-04,Incline Dumbbell Bench Press,Chest,20.4,kgs,10,,,
2026-08-04,Incline Dumbbell Bench Press,Chest,20.4,kgs,12,,,
2026-08-04,Incline Dumbbell Bench Press,Chest,20.4,kgs,12,,,
2026-08-05,Dumbbell Row,Back,27.2,kgs,12,,,
2026-08-05,Dumbbell Row,Back,27.2,kgs,12,,,
2026-08-05,Dumbbell Row,Back,27.2,kgs,12,,,
2026-08-05,Seated Dumbbell Press,Shoulders,20.4,kgs,10,,,
2026-08-05,Seated Dumbbell Press,Shoulders,20.4,kgs,10,,,
2026-08-05,Seated Dumbbell Press,Shoulders,20.4,kgs,10,,,
2026-08-05,Dumbbell Goblet Squat,Legs,13.6,kgs,12,,,
2026-08-05,Dumbbell Goblet Squat,Legs,13.6,kgs,12,,,
2026-08-05,Dumbbell Goblet Squat,Legs,13.6,kgs,12,,,
2026-08-05,Dumbbell Romanian Deadlift,Legs,27.2,kgs,11,,,
2026-08-05,Dumbbell Romanian Deadlift,Legs,27.2,kgs,11,,,
2026-08-05,Dumbbell Romanian Deadlift,Legs,27.2,kgs,11,,,
2026-08-05,Dumbbell Calf Raise,Legs,30.8,kgs,11,,,
2026-08-05,Dumbbell Calf Raise,Legs,30.8,kgs,11,,,
2026-08-05,Dumbbell Calf Raise,Legs,30.8,kgs,11,,,
2026-08-05,Dumbbell Calf Raise,Legs,30.8,kgs,11,,,
2026-08-05,Dumbbell Calf Raise,Legs,30.8,kgs,11,,,
2026-08-05,Dumbbell Calf Raise,Legs,30.8,kgs,11,,,
2026-08-10,Dumbbell Curl,Biceps,20.4,kgs,10,,,
2026-08-10,Dumbbell Curl,Biceps,20.4,kgs,12,,,
2026-08-10,Dumbbell Curl,Biceps,20.4,kgs,12,,,
2026-08-10,Dumbbell Curl,Biceps,20.4,kgs,12,,,
2026-08-10,Dumbbell Curl,Biceps,20.4,kgs,12,,,
2026-08-10,Dumbbell Curl,Biceps,20.4,kgs,12,,,
2026-08-10,Dumbbell Overhead Triceps Extension,Triceps,15.9,kgs,10,,,
2026-08-10,Dumbbell Overhead Triceps Extension,Triceps,15.9,kgs,10,,,
2026-08-10,Dumbbell Overhead Triceps Extension,Triceps,15.9,kgs,10,,,
2026-08-10,Dumbbell Side Bend,Abs,18.1,kgs,20,,,
2026-08-10,Dumbbell Side Bend,Abs,18.1,kgs,20,,,
2026-08-10,Dumbbell Side Bend,Abs,18.1,kgs,20,,,
2026-08-10,Dumbbell Side Bend,Abs,18.1,kgs,20,,,
2026-08-10,Dumbbell Side Bend,Abs,18.1,kgs,20,,,
2026-08-10,Dumbbell Side Bend,Abs,18.1,kgs,20,,,
2026-08-10,Dumbbell Shrug,Shoulders,31.8,kgs,10,,,
2026-08-10,Dumbbell Shrug,Shoulders,31.8,kgs,11,,,
2026-08-10,Dumbbell Shrug,Shoulders,31.8,kgs,11,,,
2026-08-11,Dumbbell Goblet Squat,Legs,15.9,kgs,10,,,
2026-08-11,Dumbbell Goblet Squat,Legs,15.9,kgs,10,,,
2026-08-11,Dumbbell Goblet Squat,Legs,15.9,kgs,10,,,
2026-08-11,Dumbbell Romanian Deadlift,Legs,31.6,kgs,10,,,
2026-08-11,Dumbbell Romanian Deadlift,Legs,31.6,kgs,10,,,
2026-08-11,Dumbbell Romanian Deadlift,Legs,31.6,kgs,10,,,
2026-08-11,Dumbbell Calf Raise,Legs,31.6,kgs,12,,,
2026-08-11,Dumbbell Calf Raise,Legs,31.6,kgs,12,,,
2026-08-11,Dumbbell Calf Raise,Legs,31.6,kgs,12,,,
2026-08-11,Dumbbell Row,Back,31.8,kgs,8,,,
2026-08-11,Dumbbell Row,Back,31.8,kgs,8,,,
2026-08-11,Dumbbell Row,Back,31.8,kgs,8,,,
2026-08-11,Seated Dumbbell Press,Shoulders,20.4,kgs,11,,,
2026-08-11,Seated Dumbbell Press,Shoulders,20.4,kgs,11,,,
2026-08-11,Seated Dumbbell Press,Shoulders,20.4,kgs,11,,,
2026-08-11,Flat Dumbbell Bench Press,Chest,27.2,kgs,10,,,
2026-08-11,Flat Dumbbell Bench Press,Chest,27.2,kgs,10,,,
2026-08-11,Flat Dumbbell Bench Press,Chest,27.2,kgs,10,,,
2026-08-16,Standing Calf Raise Machine,Legs,117.5,kgs,10,,,
2026-08-16,Standing Calf Raise Machine,Legs,120.0,kgs,10,,,
2026-08-16,Standing Calf Raise Machine,Legs,125.0,kgs,10,,,
2026-08-17,Dumbbell Hammer Curl,Biceps,13.6,kgs,10,,,
2026-08-17,Dumbbell Hammer Curl,Biceps,13.6,kgs,10,,,
2026-08-17,Dumbbell Hammer Curl,Biceps,13.6,kgs,10,,,
2026-08-17,Dumbbell Hammer Curl,Biceps,13.6,kgs,10,,,
2026-08-17,Dumbbell Hammer Curl,Biceps,13.6,kgs,10,,,
2026-08-17,Dumbbell Hammer Curl,Biceps,13.6,kgs,10,,,
2026-08-17,Dumbbell Overhead Triceps Extension,Triceps,15.9,kgs,11,,,
2026-08-17,Dumbbell Overhead Triceps Extension,Triceps,15.9,kgs,11,,,
2026-08-17,Dumbbell Overhead Triceps Extension,Triceps,15.9,kgs,11,,,
2026-08-17,Dumbbell Side Bend,Abs,18.1,kgs,22,,,
2026-08-17,Dumbbell Side Bend,Abs,18.1,kgs,22,,,
2026-08-17,Dumbbell Side Bend,Abs,18.1,kgs,22,,,
2026-08-17,Front Dumbbell Raise,Shoulders,9.1,kgs,10,,,
2026-08-17,Front Dumbbell Raise,Shoulders,9.1,kgs,10,,,
2026-08-17,Front Dumbbell Raise,Shoulders,9.1,kgs,10,,,
2026-08-17,Dumbbell Shrug,Shoulders,36.2,kgs,10,,,
2026-08-17,Dumbbell Shrug,Shoulders,36.2,kgs,10,,,
2026-08-17,Dumbbell Shrug,Shoulders,36.2,kgs,10,,,
2026-08-18,Seated Dumbbell Press,Shoulders,20.4,kgs,12,,,
2026-08-18,Seated Dumbbell Press,Shoulders,20.4,kgs,12,,,
2026-08-18,Seated Dumbbell Press,Shoulders,20.4,kgs,12,,,
2026-08-18,Incline Dumbbell Bench Press,Chest,22.6,kgs,10,,,
2026-08-18,Incline Dumbbell Bench Press,Chest,22.6,kgs,10,,,
2026-08-18,Incline Dumbbell Bench Press,Chest,22.6,kgs,10,,,
2026-08-18,Incline Dumbbell Fly,Chest,18.2,kgs,10,,,
2026-08-18,Incline Dumbbell Fly,Chest,18.2,kgs,10,,,
2026-08-18,Incline Dumbbell Fly,Chest,18.2,kgs,10,,,
2026-08-18,Dumbbell Row,Back,31.8,kgs,9,,,
2026-08-18,Dumbbell Row,Back,31.8,kgs,9,,,
2026-08-18,Dumbbell Row,Back,31.8,kgs,9,,,
2026-08-18,Dumbbell Goblet Squat,Legs,15.9,kgs,11,,,
2026-08-18,Dumbbell Goblet Squat,Legs,15.9,kgs,11,,,
2026-08-18,Dumbbell Goblet Squat,Legs,15.9,kgs,11,,,
2026-08-18,Dumbbell Romanian Deadlift,Legs,31.6,kgs,11,,,
2026-08-18,Dumbbell Romanian Deadlift,Legs,31.6,kgs,11,,,
2026-08-18,Dumbbell Romanian Deadlift,Legs,31.6,kgs,11,,,
2026-08-22,Standing Calf Raise Machine,Legs,125.0,kgs,11,,,
2026-08-22,Standing Calf Raise Machine,Legs,127.5,kgs,10,,,
2026-08-22,Standing Calf Raise Machine,Legs,127.5,kgs,10,,,
2026-08-22,Hip Abduction (Open),Legs,35.0,kgs,11,,,
2026-08-22,Hip Abduction (Open),Legs,35.0,kgs,11,,,
2026-08-22,Hip Abduction (Open),Legs,35.0,kgs,11,,,
2026-08-22,Hip Adduction,Legs,28.0,kgs,10,,,
2026-08-22,Hip Adduction,Legs,28.0,kgs,11,,,
2026-08-22,Hip Adduction,Legs,28.0,kgs,11,,,
2026-08-24,Dumbbell Hammer Curl,Biceps,13.6,kgs,11,,,
2026-08-24,Dumbbell Hammer Curl,Biceps,13.6,kgs,11,,,
2026-08-24,Dumbbell Hammer Curl,Biceps,13.6,kgs,11,,,
2026-08-24,Dumbbell Hammer Curl,Biceps,13.6,kgs,11,,,
2026-08-24,Dumbbell Hammer Curl,Biceps,13.6,kgs,11,,,
2026-08-24,Dumbbell Hammer Curl,Biceps,13.6,kgs,11,,,
2026-08-24,Dumbbell Side Bend,Abs,18.1,kgs,24,,,
2026-08-24,Dumbbell Side Bend,Abs,18.1,kgs,24,,,
2026-08-24,Dumbbell Side Bend,Abs,18.1,kgs,24,,,
2026-08-24,Dumbbell Side Bend,Abs,18.1,kgs,24,,,
2026-08-24,Dumbbell Side Bend,Abs,18.1,kgs,24,,,
2026-08-24,Dumbbell Side Bend,Abs,18.1,kgs,24,,,
2026-08-24,Front Dumbbell Raise,Shoulders,9.1,kgs,11,,,
2026-08-24,Front Dumbbell Raise,Shoulders,9.1,kgs,11,,,
2026-08-24,Front Dumbbell Raise,Shoulders,9.1,kgs,11,,,
2026-08-24,Dumbbell Shrug,Shoulders,36.2,kgs,11,,,
2026-08-24,Dumbbell Shrug,Shoulders,36.2,kgs,11,,,
2026-08-24,Dumbbell Shrug,Shoulders,36.2,kgs,11,,,
2026-08-25,Dumbbell Overhead Triceps Extension,Triceps,15.9,kgs,12,,,
2026-08-25,Dumbbell Overhead Triceps Extension,Triceps,15.9,kgs,12,,,
2026-08-25,Dumbbell Overhead Triceps Extension,Triceps,15.9,kgs,12,,,
2026-08-25,Seated Dumbbell Press,Shoulders,22.6,kgs,10,,,
2026-08-25,Seated Dumbbell Press,Shoulders,22.6,kgs,11,,,
2026-08-25,Seated Dumbbell Press,Shoulders,22.6,kgs,10,,,
2026-08-25,Incline Dumbbell Bench Press,Chest,22.6,kgs,11,,,
2026-08-25,Incline Dumbbell Bench Press,Chest,22.6,kgs,11,,,
2026-08-25,Incline Dumbbell Bench Press,Chest,22.6,kgs,11,,,
2026-08-25,Dumbbell Row,Back,31.8,kgs,10,,,
2026-08-25,Dumbbell Row,Back,31.8,kgs,10,,,
2026-08-25,Dumbbell Row,Back,31.8,kgs,10,,,
2026-08-25,Dumbbell Romanian Deadlift,Legs,31.8,kgs,12,,,
2026-08-25,Dumbbell Romanian Deadlift,Legs,31.8,kgs,12,,,
2026-08-25,Dumbbell Romanian Deadlift,Legs,31.8,kgs,12,,,
2026-08-25,Dumbbell Goblet Squat,Legs,15.9,kgs,12,,,
2026-08-25,Dumbbell Goblet Squat,Legs,15.9,kgs,12,,,
2026-08-25,Dumbbell Goblet Squat,Legs,15.9,kgs,12,,,
2026-08-26,Lat Pulldown,Back,35.0,kgs,11,,,
2026-08-26,Lat Pulldown,Back,35.0,kgs,11,,,
2026-08-26,Lat Pulldown,Back,35.0,kgs,11,,,
2026-08-29,Standing Calf Raise Machine,Legs,127.5,kgs,10,,,
2026-08-29,Standing Calf Raise Machine,Legs,127.5,kgs,10,,,
2026-08-29,Standing Calf Raise Machine,Legs,127.5,kgs,10,,,
2026-08-29,Standing Calf Raise Machine,Legs,127.5,kgs,10,,,
2026-08-29,Standing Calf Raise Machine,Legs,127.5,kgs,10,,,
2026-08-29,Standing Calf Raise Machine,Legs,127.5,kgs,10,,,
2026-08-29,Standing Calf Raise Machine,Legs,130.0,kgs,10,,,
2026-08-29,Standing Calf Raise Machine,Legs,130.0,kgs,10,,,
2026-08-29,Standing Calf Raise Machine,Legs,130.0,kgs,10,,,
2026-08-31,Dumbbell Hammer Curl,Biceps,13.6,kgs,12,,,
2026-08-31,Dumbbell Hammer Curl,Biceps,13.6,kgs,12,,,
2026-08-31,Dumbbell Hammer Curl,Biceps,13.6,kgs,12,,,
2026-08-31,Dumbbell Hammer Curl,Biceps,13.6,kgs,12,,,
2026-08-31,Dumbbell Hammer Curl,Biceps,13.6,kgs,12,,,
2026-08-31,Dumbbell Hammer Curl,Biceps,13.6,kgs,12,,,
2026-08-31,Dumbbell Side Bend,Abs,20.4,kgs,20,,,
2026-08-31,Dumbbell Side Bend,Abs,20.4,kgs,20,,,
2026-08-31,Dumbbell Side Bend,Abs,20.4,kgs,20,,,
2026-08-31,Dumbbell Side Bend,Abs,20.4,kgs,20,,,
2026-08-31,Dumbbell Side Bend,Abs,20.4,kgs,20,,,
2026-08-31,Dumbbell Side Bend,Abs,20.4,kgs,20,,,
2026-08-31,Seated Dumbbell Press,Shoulders,22.6,kgs,11,,,
2026-08-31,Seated Dumbbell Press,Shoulders,22.6,kgs,11,,,
2026-08-31,Seated Dumbbell Press,Shoulders,22.6,kgs,11,,,
2026-08-31,Incline Dumbbell Bench Press,Chest,22.6,kgs,12,,,
2026-08-31,Incline Dumbbell Bench Press,Chest,22.6,kgs,12,,,
2026-08-31,Incline Dumbbell Bench Press,Chest,22.6,kgs,12,,,
2026-09-01,Dumbbell Overhead Triceps Extension,Triceps,18.1,kgs,8,,,
2026-09-01,Dumbbell Overhead Triceps Extension,Triceps,18.1,kgs,10,,,
2026-09-01,Dumbbell Overhead Triceps Extension,Triceps,18.1,kgs,10,,,
2026-09-01,Dumbbell Goblet Squat,Legs,18.1,kgs,8,,,
2026-09-01,Dumbbell Goblet Squat,Legs,18.1,kgs,8,,,
2026-09-01,Dumbbell Goblet Squat,Legs,18.1,kgs,8,,,
2026-09-01,Dumbbell Romanian Deadlift,Legs,36.2,kgs,8,,,
2026-09-01,Dumbbell Romanian Deadlift,Legs,36.2,kgs,8,,,
2026-09-01,Dumbbell Romanian Deadlift,Legs,36.2,kgs,8,,,
2026-09-01,Dumbbell Row,Back,31.8,kgs,11,,,
2026-09-01,Dumbbell Row,Back,31.8,kgs,11,,,
2026-09-01,Dumbbell Row,Back,31.8,kgs,11,,,
2026-09-01,Dumbbell Shrug,Shoulders,36.2,kgs,12,,,
2026-09-01,Dumbbell Shrug,Shoulders,36.2,kgs,12,,,
2026-09-01,Dumbbell Shrug,Shoulders,36.2,kgs,12,,,
2026-09-01,Dumbbell Shrug,Shoulders,36.2,kgs,12,,,
2026-09-01,Dumbbell Shrug,Shoulders,36.2,kgs,12,,,
2026-09-01,Dumbbell Shrug,Shoulders,36.2,kgs,12,,,
2026-09-07,Dumbbell Hammer Curl,Biceps,15.8,kgs,10,,,
2026-09-07,Dumbbell Hammer Curl,Biceps,15.8,kgs,10,,,
2026-09-07,Dumbbell Hammer Curl,Biceps,15.8,kgs,10,,,
2026-09-07,Dumbbell Hammer Curl,Biceps,15.8,kgs,10,,,
2026-09-07,Dumbbell Hammer Curl,Biceps,15.8,kgs,10,,,
2026-09-07,Dumbbell Hammer Curl,Biceps,15.8,kgs,10,,,
2026-09-07,Dumbbell Side Bend,Abs,20.4,kgs,22,,,
2026-09-07,Dumbbell Side Bend,Abs,20.4,kgs,22,,,
2026-09-07,Dumbbell Side Bend,Abs,20.4,kgs,22,,,
2026-09-07,Dumbbell Side Bend,Abs,20.4,kgs,22,,,
2026-09-07,Dumbbell Side Bend,Abs,20.4,kgs,22,,,
2026-09-07,Dumbbell Side Bend,Abs,20.4,kgs,22,,,
2026-09-07,Front Dumbbell Raise,Shoulders,9.1,kgs,12,,,
2026-09-07,Front Dumbbell Raise,Shoulders,9.1,kgs,12,,,
2026-09-07,Front Dumbbell Raise,Shoulders,9.1,kgs,12,,,
2026-09-07,Dumbbell Shrug,Shoulders,40.8,kgs,10,,,
2026-09-07,Dumbbell Shrug,Shoulders,40.8,kgs,10,,,
2026-09-07,Dumbbell Shrug,Shoulders,40.8,kgs,10,,,
2026-09-08,Dumbbell Overhead Triceps Extension,Triceps,18.1,kgs,10,,,
2026-09-08,Dumbbell Overhead Triceps Extension,Triceps,18.1,kgs,10,,,
2026-09-08,Dumbbell Overhead Triceps Extension,Triceps,18.1,kgs,10,,,
2026-09-08,Dumbbell Goblet Squat,Legs,18.1,kgs,10,,,
2026-09-08,Dumbbell Goblet Squat,Legs,18.1,kgs,10,,,
2026-09-08,Dumbbell Goblet Squat,Legs,18.1,kgs,10,,,
2026-09-08,Dumbbell Goblet Squat,Legs,18.1,kgs,10,,,
2026-09-08,Dumbbell Goblet Squat,Legs,18.1,kgs,10,,,
2026-09-08,Dumbbell Goblet Squat,Legs,18.1,kgs,10,,,
2026-09-08,Dumbbell Romanian Deadlift,Legs,36.2,kgs,9,,,
2026-09-08,Dumbbell Romanian Deadlift,Legs,36.2,kgs,9,,,
2026-09-08,Dumbbell Romanian Deadlift,Legs,36.2,kgs,9,,,
2026-09-08,Dumbbell Romanian Deadlift,Legs,36.2,kgs,9,,,
2026-09-08,Dumbbell Romanian Deadlift,Legs,36.2,kgs,9,,,
2026-09-08,Dumbbell Romanian Deadlift,Legs,36.2,kgs,9,,,
2026-09-08,Dumbbell Row,Back,36.2,kgs,8,,,
2026-09-08,Dumbbell Row,Back,36.2,kgs,8,,,
2026-09-08,Dumbbell Row,Back,36.2,kgs,8,,,
2026-09-10,Incline Dumbbell Bench Press,Chest,27.2,kgs,10,,,
2026-09-10,Incline Dumbbell Bench Press,Chest,27.2,kgs,10,,,
2026-09-10,Incline Dumbbell Bench Press,Chest,27.2,kgs,10,,,
2026-09-10,Incline Dumbbell Fly,Chest,18.2,kgs,11,,,
2026-09-10,Incline Dumbbell Fly,Chest,18.2,kgs,11,,,
2026-09-10,Incline Dumbbell Fly,Chest,18.2,kgs,11,,,
2026-09-10,Seated Dumbbell Press,Shoulders,22.6,kgs,12,,,
2026-09-10,Seated Dumbbell Press,Shoulders,22.6,kgs,12,,,
2026-09-10,Seated Dumbbell Press,Shoulders,22.6,kgs,12,,,
2026-09-10,Flat Dumbbell Bench Press,Chest,27.2,kgs,11,,,
2026-09-10,Flat Dumbbell Bench Press,Chest,27.2,kgs,11,,,
2026-09-10,Flat Dumbbell Bench Press,Chest,27.2,kgs,10,,,
2026-09-10,Flat Dumbbell Fly,Chest,15.6,kgs,10,,,
2026-09-10,Flat Dumbbell Fly,Chest,15.6,kgs,10,,,
2026-09-10,Flat Dumbbell Fly,Chest,15.6,kgs,10,,,
2026-09-10,Dumbbell Hammer Curl,Biceps,15.8,kgs,10,,,
2026-09-10,Dumbbell Hammer Curl,Biceps,15.8,kgs,10,,,
2026-09-10,Dumbbell Hammer Curl,Biceps,15.8,kgs,10,,,
2026-09-12,Standing Calf Raise Machine,Legs,125.0,kgs,10,,,
2026-09-12,Standing Calf Raise Machine,Legs,127.5,kgs,10,,,
2026-09-12,Standing Calf Raise Machine,Legs,130.0,kgs,10,,,
2026-09-14,Dumbbell Hammer Curl,Biceps,15.8,kgs,11,,,
2026-09-14,Dumbbell Hammer Curl,Biceps,15.8,kgs,11,,,
2026-09-14,Dumbbell Hammer Curl,Biceps,15.8,kgs,11,,,
2026-09-14,Dumbbell Side Bend,Abs,20.4,kgs,24,,,
2026-09-14,Dumbbell Side Bend,Abs,20.4,kgs,24,,,
2026-09-14,Dumbbell Side Bend,Abs,20.4,kgs,24,,,
2026-09-14,Dumbbell Shrug,Shoulders,40.8,kgs,11,,,
2026-09-14,Dumbbell Shrug,Shoulders,40.8,kgs,11,,,
2026-09-14,Dumbbell Shrug,Shoulders,40.8,kgs,12,,,
2026-09-14,Dumbbell Overhead Triceps Extension,Triceps,18.1,kgs,10,,,
2026-09-14,Dumbbell Overhead Triceps Extension,Triceps,18.1,kgs,10,,,
2026-09-14,Dumbbell Overhead Triceps Extension,Triceps,18.1,kgs,11,,,
2026-09-14,Front Dumbbell Raise,Shoulders,10.2,kgs,8,,,
2026-09-14,Front Dumbbell Raise,Shoulders,10.2,kgs,8,,,
2026-09-14,Front Dumbbell Raise,Shoulders,10.2,kgs,8,,,
2026-09-14,Dumbbell Row,Back,36.2,kgs,8,,,
2026-09-14,Dumbbell Row,Back,36.2,kgs,8,,,
2026-09-14,Dumbbell Row,Back,36.2,kgs,9,,,
2026-09-15,Seated Dumbbell Press,Shoulders,27.2,kgs,8,,,
2026-09-15,Seated Dumbbell Press,Shoulders,27.2,kgs,8,,,
2026-09-15,Seated Dumbbell Press,Shoulders,27.2,kgs,8,,,
2026-09-15,Incline Dumbbell Bench Press,Chest,27.2,kgs,11,,,
2026-09-15,Incline Dumbbell Bench Press,Chest,27.2,kgs,11,,,
2026-09-15,Incline Dumbbell Bench Press,Chest,27.2,kgs,11,,,
2026-09-15,Incline Dumbbell Fly,Chest,18.2,kgs,12,,,
2026-09-15,Incline Dumbbell Fly,Chest,18.2,kgs,12,,,
2026-09-15,Incline Dumbbell Fly,Chest,18.2,kgs,12,,,
2026-09-15,Dumbbell Goblet Squat,Legs,18.1,kgs,11,,,
2026-09-15,Dumbbell Goblet Squat,Legs,18.1,kgs,11,,,
2026-09-15,Dumbbell Goblet Squat,Legs,18.1,kgs,11,,,
2026-09-15,Dumbbell Romanian Deadlift,Legs,36.2,kgs,9,,,
2026-09-15,Dumbbell Romanian Deadlift,Legs,36.2,kgs,9,,,
2026-09-15,Dumbbell Romanian Deadlift,Legs,36.2,kgs,9,,,
2026-09-15,Dumbbell Romanian Deadlift,Legs,36.2,kgs,10,,,
2026-09-15,Dumbbell Romanian Deadlift,Legs,36.2,kgs,10,,,
2026-09-15,Dumbbell Romanian Deadlift,Legs,36.2,kgs,10,,,
2026-09-18,Standing Calf Raise Machine,Legs,120.0,kgs,12,,,
2026-09-18,Standing Calf Raise Machine,Legs,120.0,kgs,12,,,
2026-09-18,Standing Calf Raise Machine,Legs,120.0,kgs,12,,,
